{
    "64-32-16": {
        "0.0": [
            0.4377138977509426,
            0.27354645354645357,
            0.387321630587823,
            0.31984046389097387,
            0.32935992578849727
        ],
        "0.1": [
            0.3233136721113128,
            0.28466034301044363,
            0.31141901883880924,
            0.26687794571753615,
            0.29994322375518084
        ],
        "0.2": [
            0.35045476647053364,
            0.24723549488054608,
            0.3124026896045086,
            0.34173719550398385,
            0.28749642251722696
        ],
        "0.3": [
            0.356302402197526,
            0.25440948442951283,
            0.3422746191945705,
            0.26517146107589795,
            0.2852206273258905
        ],
        "0.4": [
            0.29423995071615583,
            0.2502543062525431,
            0.3070491803278689,
            0.2687593150226602,
            0.3011821918580876
        ],
        "0.5": [
            0.3537230412230412,
            0.15677966101694915,
            0.27548076923076925,
            0.2607773851590106,
            0.29052843708016124
        ]
    },
    "128-64-32": {
        "0.0": [
            0.44329765545361877,
            0.311044776119403,
            0.3025651673907488,
            0.30665966738631095,
            0.27931069334950476
        ],
        "0.1": [
            0.39948264391722305,
            0.26231124807395995,
            0.31565061603595124,
            0.2805489509719745,
            0.2967324561403509
        ],
        "0.2": [
            0.3519500113295676,
            0.24774774774774774,
            0.3076607559790496,
            0.2664448177823727,
            0.2685406698564593
        ],
        "0.3": [
            0.31497662185856223,
            0.2606150793650794,
            0.35154562770443787,
            0.2649484536082474,
            0.32674555516307546
        ],
        "0.4": [
            0.3512450743534416,
            0.23887765419615775,
            0.28703465569343534,
            0.24495131037187112,
            0.31928763440860214
        ],
        "0.5": [
            0.3221262864120007,
            0.2519443173648781,
            0.3287105389596622,
            0.24701907790143085,
            0.2850649350649351
        ]
    },
    "128-64-32-16": {
        "0.0": [
            0.3097125007230867,
            0.2782555780933063,
            0.31404997791380074,
            0.2705386744532652,
            0.2789059886249582
        ],
        "0.1": [
            0.3089713617767388,
            0.33167783510249266,
            0.32821383854348407,
            0.27995652848936503,
            0.28118568232662194
        ],
        "0.2": [
            0.34152966853517985,
            0.15677966101694915,
            0.3000546518356587,
            0.26695554249902076,
            0.28181818181818186
        ],
        "0.3": [
            0.3082797427652733,
            0.33047148576629076,
            0.25060394730844615,
            0.26448581074915595,
            0.2802252219206221
        ],
        "0.4": [
            0.2889266547406082,
            0.15677966101694915,
            0.2777573529411765,
            0.2557899971582836,
            0.29209318135856494
        ],
        "0.5": [
            0.31129725085910653,
            0.15677966101694915,
            0.30357142857142855,
            0.25104026845637584,
            0.2877333063809716
        ]
    },
    "256-128-64-32": {
        "0.0": [
            0.31053681957540347,
            0.25420815933183427,
            0.3232083657083657,
            0.2556996855345912,
            0.3077338670643486
        ],
        "0.1": [
            0.1643646408839779,
            0.2498223284662101,
            0.351947194719472,
            0.1977171271967,
            0.28136875678610207
        ],
        "0.2": [
            0.1643646408839779,
            0.2234984984984985,
            0.3036599134416358,
            0.15625,
            0.2829974212812161
        ],
        "0.3": [
            0.1643646408839779,
            0.15677966101694915,
            0.31651038793895936,
            0.2160240634399781,
            0.27731629392971247
        ],
        "0.4": [
            0.3139514165231336,
            0.15677966101694915,
            0.30934343434343436,
            0.26112000502244403,
            0.2839622641509434
        ],
        "0.5": [
            0.31470588235294117,
            0.2503880839739799,
            0.1615598885793872,
            0.24205164652925845,
            0.281074147633234
        ]
    },
    "256-128-64-32-16": {
        "0.0": [
            0.31158679135008766,
            0.15677966101694915,
            0.3075500770416024,
            0.26991656877804887,
            0.2749352571217166
        ],
        "0.1": [
            0.1643646408839779,
            0.1883298392732355,
            0.20860084446758054,
            0.15625,
            0.20032991202346043
        ],
        "0.2": [
            0.1643646408839779,
            0.15677966101694915,
            0.303030303030303,
            0.15625,
            0.34108558928083127
        ],
        "0.3": [
            0.1643646408839779,
            0.3029610492845787,
            0.303030303030303,
            0.15625,
            0.27508361204013376
        ],
        "0.4": [
            0.1643646408839779,
            0.15677966101694915,
            0.31235624840276,
            0.2595907928388747,
            0.27426961122613297
        ],
        "0.5": [
            0.29187344913151364,
            0.15677966101694915,
            0.1615598885793872,
            0.15625,
            0.3011927945472249
        ]
    },
    "512-256-128-64": {
        "0.0": [
            0.2667321288295365,
            0.24566574202496533,
            0.324795831301804,
            0.2415749082415749,
            0.2852206273258905
        ],
        "0.1": [
            0.292813820362546,
            0.25,
            0.3795426065162907,
            0.24796698628474328,
            0.2728673529604616
        ],
        "0.2": [
            0.31107833683135744,
            0.24516665208643162,
            0.3218839983545866,
            0.23198914670658682,
            0.2770873786407767
        ],
        "0.3": [
            0.2846500346500347,
            0.16986557649667408,
            0.32171278712244533,
            0.15625,
            0.28708791208791207
        ],
        "0.4": [
            0.2667677870808559,
            0.23108214504417812,
            0.3135964912280702,
            0.15625,
            0.2725392482574425
        ],
        "0.5": [
            0.2760381593714927,
            0.25336700336700335,
            0.3046997133923919,
            0.15625,
            0.28932566315116653
        ]
    },
    "512-256-128-64-32": {
        "0.0": [
            0.25261904761904763,
            0.21950167461686798,
            0.310305203162346,
            0.24658655295688503,
            0.2794734771490394
        ],
        "0.1": [
            0.28221099887766554,
            0.2515716419768455,
            0.21402761298673284,
            0.15625,
            0.2860215053763441
        ],
        "0.2": [
            0.1643646408839779,
            0.25435483870967746,
            0.27613186442108817,
            0.2390852390852391,
            0.2128045325779037
        ],
        "0.3": [
            0.2795705818908731,
            0.2966129265471371,
            0.30833333333333335,
            0.15625,
            0.2866999630040695
        ],
        "0.4": [
            0.1643646408839779,
            0.15677966101694915,
            0.28936423054070115,
            0.2526942327636741,
            0.2941546429892712
        ],