{
    "64-32-16-0.0": 0.349556474312938,
    "128-64-32-0.0": 0.32857559193991726,
    "128-64-32-0.1": 0.3109451830278919,
    "64-32-16-0.2": 0.30786531379535986,
    "128-64-32-16-0.1": 0.30600104924774046,
    "128-64-32-0.3": 0.30376626753988045,
    "64-32-16-0.3": 0.30067571884467953,
    "64-32-16-0.1": 0.2972428406866565,
    "128-64-32-16-0.0": 0.2902925439616834,
    "256-128-64-32-0.0": 0.29027737944290866,
    "512-256-128-64-0.1": 0.2886381532248083,
    "128-64-32-0.2": 0.28846880053903945,
    "128-64-32-0.4": 0.28827926580470165,
    "128-64-32-0.5": 0.28697303114058137,
    "128-64-32-16-0.3": 0.28681324170195766,
    "64-32-16-0.4": 0.28429698883546306,
    "512-256-128-64-0.2": 0.2774411025239479,
    "512-256-128-64-0.0": 0.2727978475447543,
    "128-64-32-16-0.2": 0.2694275411409981,
    "64-32-16-0.5": 0.2674578587419863,
    "512-256-128-64-32-0.3": 0.26549336095508264,
    "256-128-64-32-0.4": 0.2650313562113809,
    "256-128-64-32-16-0.0": 0.2641536710616809,
    "128-64-32-16-0.5": 0.26208438305696635,
    "512-256-128-64-32-0.0": 0.2616971911008372,
    "512-256-128-64-0.5": 0.2559361078564109,
    "128-64-32-16-0.4": 0.2542693694431165,
    "512-256-128-64-32-16-0.1": 0.2513984104294731,
    "256-128-64-32-0.5": 0.24995592981376014,
    "256-128-64-32-0.1": 0.2490440096104924,
    "512-256-128-64-0.4": 0.24804713432210934,
    "512-256-128-64-0.3": 0.24391326207141323,
    "256-128-64-32-16-0.3": 0.24033792104779864,
    "512-256-128-64-32-16-0.5": 0.23942491273689587,
    "512-256-128-64-32-0.1": 0.2380163518435176,
    "256-128-64-32-16-0.4": 0.23347219087373894,
    "512-256-128-64-32-0.4": 0.23147148163891468,
    "512-256-128-64-32-0.2": 0.2293482231355773,
    "256-128-64-32-0.3": 0.22619900944191537,
    "256-128-64-32-0.2": 0.2261540948210657,
    "512-256-128-64-32-16-0.0": 0.22560717131184171,
    "256-128-64-32-16-0.2": 0.22430203884241226,
    "256-128-64-32-16-0.5": 0.21353115865501496,
    "512-256-128-64-32-0.5": 0.20166308282492817,
    "256-128-64-32-16-0.1": 0.18357504732965085,
    "512-256-128-64-32-16-0.4": 0.16900022843327253,
    "512-256-128-64-32-16-0.2": 0.16829615724499902,
    "512-256-128-64-32-16-0.3": 0.16811133885195734
}