,phi,f1
0,0.25,0.4984450318768465
1,0.5,0.5015549076773567
2,0.75,0.5015549076773567
