{
    "64-32-16": {
        "0.0": [
            0.569327731092437,
            0.5210270774976657,
            0.6275041876046901,
            0.5020052368168109,
            0.6532054142495909
        ],
        "0.1": [
            0.6480750836920134,
            0.6285410495936812,
            0.6056644344780979,
            0.5447139671414918,
            0.6558707865168539
        ],
        "0.2": [
            0.6852830188679245,
            0.2767857142857143,
            0.4479493118953536,
            0.6671855122352766,
            0.6672329970202311
        ],
        "0.3": [
            0.5192121296039878,
            0.3924611973392461,
            0.6436925647451963,
            0.6382777678730611,
            0.6549413735343383
        ],
        "0.4": [
            0.6574942818466134,
            0.577968923418424,
            0.6721342241573456,
            0.6153100775193798,
            0.6284977908689249
        ],
        "0.5": [
            0.24035870832830658,
            0.3580351333767079,
            0.6850282485875706,
            0.4765406162464986,
            0.461950586950587
        ]
    },
    "128-64-32": {
        "0.0": [
            0.6253136933987997,
            0.627655946697445,
            0.6887150213564328,
            0.5757634325473522,
            0.606060606060606
        ],
        "0.1": [
            0.5796277997364954,
            0.6130716496485493,
            0.6408163265306123,
            0.6384078092348209,
            0.578078899939924
        ],
        "0.2": [
            0.6065058479532164,
            0.6171394050975203,
            0.4323308270676692,
            0.5717132141182774,
            0.5900118203309692
        ],
        "0.3": [
            0.5269818835924451,
            0.5890777730556735,
            0.6623563218390804,
            0.6284937888198758,
            0.6036597846703874
        ],
        "0.4": [
            0.5955533040639424,
            0.6252578838785736,
            0.6264772294067622,
            0.6870824339603248,
            0.6024337244676228
        ],
        "0.5": [
            0.6273686352011161,
            0.6039990806711101,
            0.5852198803018476,
            0.6059472934472934,
            0.6314735551050036
        ]
    },
    "128-64-32-16": {
        "0.0": [
            0.5398762157382847,
            0.6740612648221344,
            0.5866834170854272,
            0.5478286384976525,
            0.6469341974077767
        ],
        "0.1": [
            0.5455847070660165,
            0.664266622118276,
            0.6466597077244258,
            0.5707201696435853,
            0.5328965328965329
        ],
        "0.2": [
            0.5915283626455288,
            0.6352234711160258,
            0.6140552995391705,
            0.6048157453936349,
            0.6480260705651817
        ],
        "0.3": [
            0.3507737656595431,
            0.6228663857319201,
            0.6836813186813187,
            0.6995536360883248,
            0.5917502787068005
        ],
        "0.4": [
            0.5896762624483654,
            0.40298507462686567,
            0.6180177639926687,
            0.4026224244046026,
            0.6433423913043479
        ],
        "0.5": [
            0.5209615464045269,
            0.6085904416212946,
            0.4223516949152542,
            0.5853563256878174,
            0.5862349565291876
        ]
    },
    "256-128-64-32": {
        "0.0": [
            0.2206413730803975,
            0.6824489526201017,
            0.5755368730237228,
            0.6439598808749529,
            0.5654501639670079
        ],
        "0.1": [
            0.49876264576032947,
            0.6878286590709903,
            0.5999744506898314,
            0.5037784706441897,
            0.6363766867642837
        ],
        "0.2": [
            0.5168137210767985,
            0.6169543653542434,
            0.5970776683856853,
            0.6709947487830598,
            0.5655744239815037
        ],
        "0.3": [
            0.6149867763737878,
            0.4883114949374628,
            0.58991263991264,
            0.612389898155794,
            0.49139918834163443
        ],
        "0.4": [
            0.6039351904233894,
            0.5259699624530663,
            0.6575691092584467,
            0.6026292670682731,
            0.5351249410655351
        ],
        "0.5": [
            0.48545454545454547,
            0.6075730182577475,
            0.6087222470201195,
            0.5843944832798036,
            0.5402880557764052
        ]
    },
    "256-128-64-32-16": {
        "0.0": [
            0.5735081999006073,
            0.6314131145591819,
            0.10184172903876881,
            0.5742264328651763,
            0.6374088374088374
        ],
        "0.1": [
            0.5165116279069768,
            0.6878286590709903,
            0.674884903456332,
            0.6277056277056277,
            0.6688919715623374
        ],
        "0.2": [
            0.48024733768464445,
            0.6104030176692476,
            0.5570559384118706,
            0.6093433730062343,
            0.5736610655927418
        ],
        "0.3": [
            0.6253818615751789,
            0.6085858585858586,
            0.6878478664192951,
            0.7001008000204152,
            0.6046054785550583
        ],
        "0.4": [
            0.5630984400215169,
            0.6454311454311454,
            0.2726714222328407,
            0.583918448015811,
            0.6197475282485876
        ],
        "0.5": [
            0.5993589743589745,
            0.6040635856405938,
            0.6647636375043132,
            0.5369115858954316,
            0.5134109311740891
        ]
    },
    "512-256-128-64": {
        "0.0": [
            0.5167806484295846,
            0.622040072859745,
            0.6451409931614591,
            0.49780787546034616,
            0.5683318502576413
        ],
        "0.1": [
            0.6295070520876972,
            0.6628225806451613,
            0.6145574855252275,
            0.5268313604391834,
            0.6283952302366269
        ],
        "0.2": [
            0.5942028985507246,
            0.582110463830101,
            0.6448240556124374,
            0.5950300046160948,
            0.42213438735177866
        ],
        "0.3": [
            0.585590465872156,
            0.6302916385903938,
            0.6478205536111994,
            0.6530702935631565,
            0.5259702385403424
        ],
        "0.4": [
            0.45343929426974405,
            0.6401752351501095,
            0.5968861862250399,
            0.6462502091850152,
            0.5863047921871452
        ],
        "0.5": [
            0.5685407046210482,
            0.5614277519945768,
            0.6497101226206967,
            0.6404817044928207,
            0.6777360143050031
        ]
    },
    "512-256-128-64-32": {
        "0.0": [
            0.6214055164319249,
            0.4692665390176234,
            0.4758200941453368,
            0.6241596638655462,
            0.4267930274849564
        ],
        "0.1": [
            0.5435759209344115,
            0.6319929963644322,
            0.5606666562923079,
            0.5177193208129663,
            0.4310257356332442
        ],
        "0.2": [
            0.6410218763764499,
            0.6767857142857143,
            0.437847866419295,
            0.5885379320235193,
            0.6150920974450387
        ],
        "0.3": [
            0.6137303556658396,
            0.4086242299794661,
            0.6617783445397636,
            0.6768149882903982,
            0.4739359609786799
        ],
        "0.4": [
            0.5260416666666667,
            0.6444001515938408,
            0.632417855368675,
            0.6652988403211418,
            0.6515686540812169
        ],