{
    "256-128-64-32-16-0.3": 0.6453043730311612,
    "256-128-64-32-16-0.1": 0.6351645579404529,
    "64-32-16-0.4": 0.6302810595621375,
    "128-64-32-0.4": 0.6273609151554452,
    "128-64-32-0.0": 0.6247017400121272,
    "512-256-128-64-32-0.4": 0.6239454336063083,
    "512-256-128-64-0.5": 0.619579259606829,
    "128-64-32-16-0.2": 0.6187297898519084,
    "512-256-128-64-32-16-0.3": 0.617914857489567,
    "64-32-16-0.1": 0.6165730642844276,
    "512-256-128-64-0.1": 0.6124227417867794,
    "128-64-32-0.5": 0.6108016889452741,
    "128-64-32-0.1": 0.6100004970180803,
    "512-256-128-64-0.3": 0.6085486380354496,
    "128-64-32-0.3": 0.6021139103954924,
    "128-64-32-16-0.0": 0.5990767467102551,
    "256-128-64-32-0.2": 0.5934829855162581,
    "128-64-32-16-0.1": 0.5920255478897672,
    "512-256-128-64-32-0.2": 0.5918570973100035,
    "128-64-32-16-0.3": 0.5897250769735815,
    "256-128-64-32-0.1": 0.5853441825859249,
    "256-128-64-32-0.4": 0.5850456940537421,
    "512-256-128-64-0.4": 0.5846111434034107,
    "512-256-128-64-32-16-0.2": 0.5844919394216325,
    "256-128-64-32-16-0.5": 0.5837017429146805,
    "512-256-128-64-32-0.5": 0.5752762660287924,
    "64-32-16-0.0": 0.5746139294522389,
    "512-256-128-64-0.0": 0.5700202880337553,
    "64-32-16-0.3": 0.569717006619166,
    "512-256-128-64-0.2": 0.5676603619922274,
    "512-256-128-64-32-0.3": 0.5669767758908295,
    "256-128-64-32-16-0.2": 0.5661421464729478,
    "256-128-64-32-0.5": 0.5652864699577242,
    "128-64-32-0.2": 0.5635402229135306,
    "256-128-64-32-0.3": 0.5593999995442639,
    "64-32-16-0.2": 0.5488873108609,
    "128-64-32-16-0.5": 0.5446989930316161,
    "256-128-64-32-0.0": 0.5376074487132365,
    "512-256-128-64-32-0.1": 0.5369961260074725,
    "256-128-64-32-16-0.4": 0.5369733967899804,
    "128-64-32-16-0.4": 0.5313287833553699,
    "512-256-128-64-32-16-0.0": 0.5291092551174812,
    "512-256-128-64-32-0.0": 0.5234889681890775,
    "256-128-64-32-16-0.0": 0.5036796627545144,
    "512-256-128-64-32-16-0.1": 0.4929237426383756,
    "512-256-128-64-32-16-0.5": 0.4889240016656135,
    "64-32-16-0.5": 0.4443826586979342,
    "512-256-128-64-32-16-0.4": 0.36764208059777154
}