{
    "256-128-64-32": {
        "0.0": [
            0.22140087842023567,
            0.2607942390551086,
            0.27889908256880735,
            0.22741907413853113,
            0.2892882400484947
        ],
        "0.1": [
            0.19355877616747183,
            0.1558073654390935,
            0.2955922354104847,
            0.21573519627411844,
            0.2644519519519519
        ],
        "0.2": [
            0.18831006979062812,
            0.15714285714285714,
            0.3012398785425101,
            0.1601123595505618,
            0.19409620991253643
        ],
        "0.3": [
            0.17612244897959184,
            0.1558073654390935,
            0.1725067385444744,
            0.2207377049180328,
            0.18853932584269661
        ],
        "0.4": [
            0.23946617424878294,
            0.1558073654390935,
            0.1725067385444744,
            0.17994708994708994,
            0.16620111731843576
        ],
        "0.5": [
            0.15482954545454544,
            0.1558073654390935,
            0.1725067385444744,
            0.17783797729618164,
            0.2250891265597148
        ]
    },
    "256-128-128-64-32": {
        "0.0": [
            0.2320658123510851,
            0.1558073654390935,
            0.2824970131421744,
            0.2336713791598106,
            0.2638650657518582
        ],
        "0.1": [
            0.25427509293680295,
            0.25798319327731095,
            0.2955645834492737,
            0.1601123595505618,
            0.18862192764429714
        ],
        "0.2": [
            0.25414641120960824,
            0.1558073654390935,
            0.2530356773373533,
            0.1601123595505618,
            0.16574585635359115
        ],
        "0.3": [
            0.15482954545454544,
            0.1558073654390935,
            0.24158309455587393,
            0.1601123595505618,
            0.18862192764429714
        ],
        "0.4": [
            0.15482954545454544,
            0.1558073654390935,
            0.1725067385444744,
            0.1601123595505618,
            0.16574585635359115
        ],
        "0.5": [
            0.15482954545454544,
            0.1634673765821307,
            0.1725067385444744,
            0.17704658525554046,
            0.16574585635359115
        ]
    },
    "256-128-128-64-64-32": {
        "0.0": [
            0.16568732193732194,
            0.1558073654390935,
            0.1725067385444744,
            0.1601123595505618,
            0.2518169698533522
        ],
        "0.1": [
            0.28124772423837846,
            0.1558073654390935,
            0.1725067385444744,
            0.1601123595505618,
            0.16574585635359115
        ],
        "0.2": [
            0.17629128796275773,
            0.1558073654390935,
            0.21202677746999077,
            0.1601123595505618,
            0.16574585635359115
        ],
        "0.3": [
            0.15482954545454544,
            0.1558073654390935,
            0.1725067385444744,
            0.1601123595505618,
            0.16574585635359115
        ],
        "0.4": [
            0.17237609329446063,
            0.17879663688912245,
            0.1725067385444744,
            0.1601123595505618,
            0.16574585635359115
        ],
        "0.5": [
            0.15482954545454544,
            0.1558073654390935,
            0.1725067385444744,
            0.1601123595505618,
            0.16574585635359115
        ]
    },
    "256-128-128-64-64-32-32-16": {
        "0.0": [
            0.15571428571428572,
            0.1558073654390935,
            0.1725067385444744,
            0.1601123595505618,
            0.16666666666666666
        ],
        "0.1": [
            0.15482954545454544,
            0.1558073654390935,
            0.1725067385444744,
            0.1601123595505618,
            0.16574585635359115
        ],
        "0.2": [
            0.15482954545454544,
            0.1558073654390935,
            0.1725067385444744,
            0.1601123595505618,
            0.16574585635359115
        ],
        "0.3": [
            0.20727765807266513,
            0.1558073654390935,
            0.1725067385444744,
            0.1601123595505618,
            0.16574585635359115
        ],
        "0.4": [
            0.15482954545454544,
            0.17349137931034483,
            0.1725067385444744,
            0.1601123595505618,
            0.16574585635359115
        ],
        "0.5": [
            0.15482954545454544,
            0.1558073654390935,
            0.22300779286073402,
            0.1601123595505618,
            0.16574585635359115
        ]
    },
    "512-256-128-128-64-64-32-32-16": {
        "0.0": [
            0.15482954545454544,
            0.1558073654390935,
            0.1725067385444744,
            0.1601123595505618,
            0.24225129709000678
        ],
        "0.1": [
            0.15482954545454544,
            0.1558073654390935,
            0.20629198754710798,
            0.1601123595505618,
            0.21954022988505745
        ],
        "0.2": [
            0.1842494714587738,
            0.1558073654390935,
            0.1725067385444744,
            0.1601123595505618,
            0.16574585635359115
        ],
        "0.3": [
            0.15428571428571428,
            0.2572210888006013,
            0.1946951052775499,
            0.23486143867924528,
            0.18631652381901537
        ],
        "0.4": [
            0.15482954545454544,
            0.1558073654390935,
            0.213677344301799,
            0.21339654282765738,
            0.16574585635359115
        ],
        "0.5": [
            0.15482954545454544,
            0.1558073654390935,
            0.1725067385444744,
            0.199811986800706,
            0.16574585635359115
        ]
    }
}