{
    "256-128-64-32": {
        "0.0": [
            0.46378621378621376,
            0.6666709989342622,
            0.667961715467218,
            0.5467344249952946,
            0.6568572321149642
        ],
        "0.1": [
            0.46858288770053474,
            0.43018867924528303,
            0.6407315340909091,
            0.5421909562316423,
            0.6145672441706831
        ],
        "0.2": [
            0.49778621125869704,
            0.4552430695058256,
            0.7383192623115847,
            0.42292490118577075,
            0.4085106382978723
        ],
        "0.3": [
            0.4358610914245216,
            0.43018867924528303,
            0.43761996161228406,
            0.6162870945479642,
            0.47919216646266827
        ],
        "0.4": [
            0.5834160691303548,
            0.43018867924528303,
            0.43761996161228406,
            0.4720901340873067,
            0.41922290388548056
        ],
        "0.5": [
            0.4117647058823529,
            0.43018867924528303,
            0.43761996161228406,
            0.41030927835051545,
            0.5681114551083591
        ]
    },
    "256-128-128-64-32": {
        "0.0": [
            0.6474789915966386,
            0.43018867924528303,
            0.7029601029601029,
            0.6052947023739914,
            0.6307300509337861
        ],
        "0.1": [
            0.6800573888091822,
            0.7134256734649362,
            0.7341716857502151,
            0.42292490118577075,
            0.4785238959467634
        ],
        "0.2": [
            0.6922525107604017,
            0.43018867924528303,
            0.5383784974664023,
            0.42292490118577075,
            0.42105263157894735
        ],
        "0.3": [
            0.4117647058823529,
            0.43018867924528303,
            0.5755102040816327,
            0.42292490118577075,
            0.4900181488203267
        ],
        "0.4": [
            0.4117647058823529,
            0.43018867924528303,
            0.43761996161228406,
            0.42292490118577075,
            0.42105263157894735
        ],
        "0.5": [
            0.4117647058823529,
            0.4408269771176235,
            0.43761996161228406,
            0.4012738853503185,
            0.42105263157894735
        ]
    },
    "256-128-128-64-64-32": {
        "0.0": [
            0.42395982783357244,
            0.43018867924528303,
            0.43761996161228406,
            0.42292490118577075,
            0.5924812030075188
        ],
        "0.1": [
            0.6405510441712411,
            0.43018867924528303,
            0.43761996161228406,
            0.42292490118577075,
            0.42105263157894735
        ],
        "0.2": [
            0.45827633378932964,
            0.43018867924528303,
            0.47984496124031006,
            0.42292490118577075,
            0.42105263157894735
        ],
        "0.3": [
            0.4117647058823529,
            0.43018867924528303,
            0.43761996161228406,
            0.42292490118577075,
            0.42105263157894735
        ],
        "0.4": [
            0.4784313725490196,
            0.48069372975033353,
            0.43761996161228406,
            0.42292490118577075,
            0.42105263157894735
        ],
        "0.5": [
            0.4117647058823529,
            0.43018867924528303,
            0.43761996161228406,
            0.42292490118577075,
            0.42105263157894735
        ]
    },
    "256-128-128-64-64-32-32-16": {
        "0.0": [
            0.42381289865343724,
            0.43018867924528303,
            0.43761996161228406,
            0.42292490118577075,
            0.4140786749482402
        ],
        "0.1": [
            0.4117647058823529,
            0.43018867924528303,
            0.43761996161228406,
            0.42292490118577075,
            0.42105263157894735
        ],
        "0.2": [
            0.4117647058823529,
            0.43018867924528303,
            0.43761996161228406,
            0.42292490118577075,
            0.42105263157894735
        ],
        "0.3": [
            0.5950980392156863,
            0.43018867924528303,
            0.43761996161228406,
            0.42292490118577075,
            0.42105263157894735
        ],
        "0.4": [
            0.4117647058823529,
            0.4161735700197239,
            0.43761996161228406,
            0.42292490118577075,
            0.42105263157894735
        ],
        "0.5": [
            0.4117647058823529,
            0.43018867924528303,
            0.38620689655172413,
            0.42292490118577075,
            0.42105263157894735
        ]
    },
    "512-256-128-128-64-64-32-32-16": {
        "0.0": [
            0.4117647058823529,
            0.43018867924528303,
            0.43761996161228406,
            0.42292490118577075,
            0.5794684731631058
        ],
        "0.1": [
            0.4117647058823529,
            0.43018867924528303,
            0.4305555555555556,
            0.42292490118577075,
            0.5190145576707726
        ],
        "0.2": [
            0.47918043621943157,
            0.43018867924528303,
            0.43761996161228406,
            0.42292490118577075,
            0.42105263157894735
        ],
        "0.3": [
            0.41140529531568226,
            0.6936617331374986,
            0.3902439024390244,
            0.5969825089771805,
            0.41561181434599154
        ],
        "0.4": [
            0.4117647058823529,
            0.43018867924528303,
            0.4129979035639413,
            0.5883925270850513,
            0.42105263157894735
        ],
        "0.5": [
            0.4117647058823529,
            0.43018867924528303,
            0.43761996161228406,
            0.39072847682119205,
            0.42105263157894735
        ]
    }
}