{
    "64-32-16": {
        "0.0": [
            0.18174100941503318,
            0.1558073654390935,
            0.1725067385444744,
            0.16056338028169015,
            0.2526053074384982
        ]
    },
    "128-64-32": {
        "0.0": [
            0.16960317460317462,
            0.19521286356546472,
            0.2100162726198324,
            0.1601123595505618,
            0.26139988196725783
        ]
    },
    "128-64-32-16": {
        "0.0": [
            0.22595870206489677,
            0.25507243516362055,
            0.1725067385444744,
            0.23682966286718182,
            0.16574585635359115
        ]
    },
    "256-128-64-32": {
        "0.0": [
            0.16568732193732194,
            0.2556390977443609,
            0.2575507679620658,
            0.2293488601452311,
            0.2501594896331738
        ]
    },
    "256-128-64-32-16": {
        "0.0": [
            0.15482954545454544,
            0.1558073654390935,
            0.21235412474849094,
            0.1954022988505747,
            0.2129996852376456
        ]
    },
    "512-256-128-64": {
        "0.0": [
            0.23004199432942815,
            0.2630141521145411,
            0.27838468836428976,
            0.16835016835016836,
            0.19693743028090457
        ]
    },
    "512-256-128-64-32": {
        "0.0": [
            0.2291883963494133,
            0.18638850889192887,
            0.2576592553799276,
            0.22006613296206057,
            0.2597485697079193
        ]
    },
    "512-256-128-64-32-16": {
        "0.0": [
            0.15482954545454544,
            0.1558073654390935,
            0.2759221772379667,
            0.1601123595505618,
            0.16574585635359115
        ]
    }
}