{
    "256-128-128-64-32-0.1": 0.6058207090313735,
    "256-128-128-64-32-0.0": 0.6033305054219603,
    "256-128-64-32-0.0": 0.6004021170595906,
    "256-128-64-32-0.1": 0.5392522602878105,
    "256-128-64-32-0.2": 0.5045568165119501,
    "512-256-128-128-64-64-32-32-16-0.3": 0.5015810508430755,
    "256-128-128-64-32-0.2": 0.500959444047361,
    "256-128-64-32-0.3": 0.47982979865854425,
    "256-128-128-64-64-32-0.1": 0.47046744355870523,
    "256-128-64-32-0.4": 0.4685075495921418,
    "256-128-128-64-32-0.3": 0.4660813278430732,
    "256-128-128-64-64-32-0.0": 0.4614349145768858,
    "256-128-128-64-64-32-32-16-0.3": 0.46137684256759426,
    "512-256-128-128-64-64-32-32-16-0.0": 0.4563933442177593,
    "512-256-128-128-64-64-32-32-16-0.4": 0.45287928947111517,
    "256-128-64-32-0.5": 0.4515988160397589,
    "256-128-128-64-64-32-0.4": 0.44814451933527105,
    "512-256-128-128-64-64-32-32-16-0.1": 0.44288967990794703,
    "256-128-128-64-64-32-0.2": 0.44245750140792817,
    "512-256-128-128-64-64-32-32-16-0.2": 0.4381933219683433,
    "256-128-128-64-64-32-32-16-0.0": 0.42572502312900307,
    "256-128-128-64-32-0.4": 0.4247101759009276,
    "256-128-128-64-64-32-0.3": 0.4247101759009276,
    "256-128-128-64-64-32-0.5": 0.4247101759009276,
    "256-128-128-64-64-32-32-16-0.1": 0.4247101759009276,
    "256-128-128-64-64-32-32-16-0.2": 0.4247101759009276,
    "256-128-128-64-32-0.5": 0.42250763230830524,
    "256-128-128-64-64-32-32-16-0.4": 0.4219071540558158,
    "512-256-128-128-64-64-32-32-16-0.5": 0.41827089102801185,
    "256-128-128-64-64-32-32-16-0.5": 0.4144275628888156
}