{
    "256-128-64-32-0.0": 0.2555603028462355,
    "256-128-128-64-32-0.0": 0.23358132716880436,
    "256-128-128-64-32-0.1": 0.23131143137164928,
    "256-128-64-32-0.1": 0.22502910504862408,
    "512-256-128-128-64-64-32-32-16-0.3": 0.2054759741724252,
    "256-128-64-32-0.2": 0.2001802749878187,
    "256-128-128-64-32-0.2": 0.1977695339780416,
    "256-128-128-64-64-32-0.1": 0.18708400882521986,
    "256-128-64-32-0.4": 0.18278569709957532,
    "256-128-64-32-0.3": 0.18274271674477782,
    "256-128-128-64-64-32-0.0": 0.18118615106496078,
    "512-256-128-128-64-64-32-32-16-0.4": 0.1806913308753373,
    "256-128-128-64-32-0.3": 0.18019085852887437,
    "512-256-128-128-64-64-32-32-16-0.1": 0.17931629757527326,
    "256-128-64-32-0.5": 0.17721415065880194,
    "512-256-128-128-64-64-32-32-16-0.0": 0.1771014612157364,
    "256-128-128-64-64-32-0.2": 0.173996729355199,
    "256-128-128-64-64-32-32-16-0.3": 0.1722899955920772,
    "256-128-128-64-64-32-32-16-0.5": 0.1719005839317052,
    "256-128-128-64-64-32-0.4": 0.1699075369264421,
    "512-256-128-128-64-64-32-32-16-0.5": 0.1697402985184821,
    "512-256-128-128-64-64-32-32-16-0.2": 0.16768435826929892,
    "256-128-128-64-32-0.5": 0.16671922043805645,
    "256-128-128-64-64-32-32-16-0.4": 0.16533717584270352,
    "256-128-128-64-64-32-32-16-0.0": 0.16216148318301643,
    "256-128-128-64-32-0.4": 0.16180037306845327,
    "256-128-128-64-64-32-0.3": 0.16180037306845327,
    "256-128-128-64-64-32-0.5": 0.16180037306845327,
    "256-128-128-64-64-32-32-16-0.1": 0.16180037306845327,
    "256-128-128-64-64-32-32-16-0.2": 0.16180037306845327
}