{
    "256-128-64-32-0.0": 0.23167710748443068,
    "512-256-128-64-32-0.0": 0.23061017265824996,
    "512-256-128-64-0.0": 0.2273456866878664,
    "128-64-32-16-0.0": 0.21122267899875294,
    "128-64-32-0.0": 0.19926891046125828,
    "256-128-64-32-16-0.0": 0.18627860394607004,
    "64-32-16-0.0": 0.1846447602237579,
    "512-256-128-64-32-16-0.0": 0.18248346080715172
}