{
    "64-32-16": {
        "0.0": [
            0.6147894926232458,
            0.2767857142857143,
            0.6305456399796023,
            0.6168997668997669,
            0.5942873840309738
        ],
        "0.1": [
            0.4234592445328032,
            0.4110429447852761,
            0.6878478664192951,
            0.6098717948717949,
            0.6455250650165905
        ],
        "0.2": [
            0.6386448598130842,
            0.5938337295747009,
            0.6367290910873615,
            0.6042530568846358,
            0.6054639520601481
        ],
        "0.3": [
            0.6357614501408925,
            0.2767857142857143,
            0.02389094708843925,
            0.6023390360787624,
            0.5800385324174904
        ],
        "0.4": [
            0.6593083011365768,
            0.14285714285714285,
            0.6878478664192951,
            0.547543783155294,
            0.5982425738241524
        ],
        "0.5": [
            0.6134751773049646,
            0.2767857142857143,
            0.6886517249401953,
            0.6116762494471473,
            0.6302052999417589
        ]
    },
    "128-64-32": {
        "0.0": [
            0.6410514147861486,
            0.0,
            0.0,
            0.5971606033717836,
            0.601769429699197
        ],
        "0.1": [
            0.6527966229458767,
            0.5718736570691878,
            0.6131368631368631,
            0.5950589273334593,
            0.6279238833762723
        ],
        "0.2": [
            0.6470253884046988,
            0.2676923076923077,
            0.6244387666509562,
            0.6019597989949749,
            0.6222222222222222
        ],
        "0.3": [
            0.3885350318471338,
            0.12345679012345678,
            0.4632024402818353,
            0.5538995125609298,
            0.606063607351161
        ],
        "0.4": [
            0.6595563744596413,
            0.4110429447852761,
            0.437847866419295,
            0.6191618438420144,
            0.6319966167471018
        ],
        "0.5": [
            0.643382728666326,
            0.4726202509067126,
            0.5944983997351286,
            0.6133101404458189,
            0.5519083326312242
        ]
    },
    "128-64-32-16": {
        "0.0": [
            0.0,
            0.27761194029850744,
            0.6878478664192951,
            0.6195007495274718,
            0.5325005237795936
        ],
        "0.1": [
            0.5909397841564688,
            0.6039330321551953,
            0.599659937256029,
            0.5908801020408163,
            0.6267727429955032
        ],
        "0.2": [
            0.5907679113645319,
            0.2767857142857143,
            0.5878582202111614,
            0.6434987690977768,
            0.5597120886227208
        ],
        "0.3": [
            0.5947242206235012,
            0.6582755562721703,
            0.6878478664192951,
            0.6087705352411235,
            0.6472689075630252
        ],
        "0.4": [
            0.6450490704540015,
            0.5156807511737089,
            0.0,
            0.5725799121345251,
            0.5078321000147576
        ],
        "0.5": [
            0.6801059119328928,
            0.2767857142857143,
            0.6878478664192951,
            0.618192026951151,
            0.6534359538207807
        ]
    },
    "256-128-64-32": {
        "0.0": [
            0.6371795735885512,
            0.5926744664589335,
            0.6570892437458777,
            0.5924686500202259,
            0.6027061974692898
        ],
        "0.1": [
            0.644120241915892,
            0.26277372262773724,
            0.5986651835372636,
            0.5454458476846537,
            0.6402349952365831
        ],
        "0.2": [
            0.6247153302169484,
            0.2767857142857143,
            0.6878478664192951,
            0.609073359073359,
            0.6136139820350347
        ],
        "0.3": [
            0.0,
            0.5470990873533246,
            0.43866171003717475,
            0.6392388705821541,
            0.6412867274569403
        ],
        "0.4": [
            0.6455718169722913,
            0.6843162180585494,
            0.437847866419295,
            0.5335671903571295,
            0.17279411764705882
        ],
        "0.5": [
            0.0,
            0.052941176470588235,
            0.6878478664192951,
            0.597042561398997,
            0.6033731640527757
        ]
    },
    "256-128-64-32-16": {
        "0.0": [
            0.624741081703107,
            0.5788430326918618,
            0.6249507194953676,
            0.46507287593316743,
            0.6158166530576215
        ],
        "0.1": [
            0.6268640082027506,
            0.5136363636363637,
            0.6878478664192951,
            0.5151226158038147,
            0.5835225089931199
        ],
        "0.2": [
            0.4234592445328032,
            0.2767857142857143,
            0.0,
            0.5981620718462823,
            0.621698402948403
        ],
        "0.3": [
            0.6593083011365768,
            0.6508258258258258,
            0.6379959967031673,
            0.6221158566519391,
            0.5879246064623033
        ],
        "0.4": [
            0.4234592445328032,
            0.6878286590709903,
            0.5917758041045712,
            0.5803485894851228,
            0.6458280896048326
        ],
        "0.5": [
            0.669710420629888,
            0.0,
            0.5981795171339563,
            0.5215566891558334,
            0.626388793719471
        ]
    },
    "512-256-128-64": {
        "0.0": [
            0.6405888138066685,
            0.6116399659469081,
            0.5970609318996416,
            0.574206600839448,
            0.6131632653061225
        ],
        "0.1": [
            0.6334564128681776,
            0.2767857142857143,
            0.6354958251243081,
            0.5608949911009408,
            0.6237054756556493
        ],
        "0.2": [
            0.6092429419169214,
            0.5852034300310163,
            0.6878478664192951,
            0.5698622770591223,
            0.6233827687691154
        ],
        "0.3": [
            0.5825665937459786,
            0.5704879717250029,
            0.5783164964082801,
            0.5873256519102485,
            0.6446076930925416
        ],
        "0.4": [
            0.6451865134802643,
            0.4938185443668993,
            0.6030931316269332,
            0.6278056951423785,
            0.5845620544868665
        ],
        "0.5": [
            0.6377992277992277,
            0.533816425120773,
            0.6072204269746252,
            0.5230202578268877,
            0.25077399380804954
        ]
    },
    "512-256-128-64-32": {
        "0.0": [
            0.635968660968661,
            0.5303910181958962,
            0.5625797668680337,
            0.6120799744592545,
            0.656995144758137
        ],
        "0.1": [
            0.606663929939792,
            0.4110429447852761,
            0.6238420314731588,
            0.6290217930613335,
            0.5826048048461485
        ],
        "0.2": [
            0.6505133904943368,
            0.589389377333494,
            0.0,
            0.530862947588674,
            0.25077399380804954
        ],
        "0.3": [
            0.6634304207119741,
            0.0,
            0.437847866419295,
            0.6013781490262115,
            0.6291086989756918
        ],
        "0.4": [
            0.6824205707204571,
            0.2767857142857143,
            0.6878478664192951,
            0.5175553857906798,
            0.6603327228327228
        ],
        "0.5": [
            0.6570031096138896,
            0.4110429447852761,
            0.0,
            0.5314384151593454,
            0.681876356012774
        ]
    },