{
    "64-32-16": {
        "0.0": [
            0.6147894926232458,
            0.2767857142857143,
            0.6305456399796023,
            0.6168997668997669,
            0.5942873840309738
        ],
        "0.1": [
            0.4234592445328032,
            0.4110429447852761,
            0.6878478664192951,
            0.6203000343550789,
            0.6183683683683684
        ],
        "0.2": [
            0.6358649789029536,
            0.07933365523901498,
            0.6165383815269398,
            0.6051710207379477,
            0.6064885548719219
        ],
        "0.3": [
            0.6327218833233095,
            0.2767857142857143,
            0.04603062841049111,
            0.5795285901353121,
            0.615626171728534
        ],
        "0.4": [
            0.6630243833883774,
            0.09923664122137404,
            0.6878478664192951,
            0.6126780626780627,
            0.6257690252652469
        ],
        "0.5": [
            0.6356923863055697,
            0.2767857142857143,
            0.6835816548151994,
            0.6008158508158509,
            0.5993440441106569
        ]
    },
    "128-64-32": {
        "0.0": [
            0.6410514147861486,
            0.0,
            0.0,
            0.5971606033717836,
            0.601769429699197
        ],
        "0.1": [
            0.6557713698981775,
            0.5513005346308644,
            0.6133560945780676,
            0.5969030269058296,
            0.6227601088282202
        ],
        "0.2": [
            0.6412439114052018,
            0.26851851851851855,
            0.6289864941550335,
            0.6192086366319103,
            0.6220408163265306
        ],
        "0.3": [
            0.6219106699751861,
            0.0944206008583691,
            0.5021272215741439,
            0.5691272562592999,
            0.6052931323283082
        ],
        "0.4": [
            0.6376904176904177,
            0.4110429447852761,
            0.6040275923453493,
            0.6217616580310881,
            0.6297150610583446
        ],
        "0.5": [
            0.6358900534404905,
            0.47203603760445684,
            0.5958120531154238,
            0.6257459505541347,
            0.6089893554801731
        ]
    },
    "128-64-32-16": {
        "0.0": [
            0.0,
            0.27761194029850744,
            0.6878478664192951,
            0.6195007495274718,
            0.5325005237795936
        ],
        "0.1": [
            0.5074277074277075,
            0.5850633139155664,
            0.634447944831692,
            0.5824289405684755,
            0.6088653534500468
        ],
        "0.2": [
            0.5950814047782422,
            0.2767857142857143,
            0.6069638617778951,
            0.5759725578857098,
            0.5592239858906526
        ],
        "0.3": [
            0.6448247535596934,
            0.683494309673555,
            0.6878478664192951,
            0.6420873511060692,
            0.6141636141636142
        ],
        "0.4": [
            0.6198011333262055,
            0.5485347985347985,
            0.0,
            0.5377991544160429,
            0.5974336703757723
        ],
        "0.5": [
            0.6508910891089108,
            0.2767857142857143,
            0.6878478664192951,
            0.6000575222898873,
            0.6319325328759291
        ]
    },
    "256-128-64-32": {
        "0.0": [
            0.6371795735885512,
            0.5926744664589335,
            0.6570892437458777,
            0.5924686500202259,
            0.6027061974692898
        ],
        "0.1": [
            0.6346744538178672,
            0.20673076923076922,
            0.5899015603026854,
            0.5895842126130274,
            0.6212224540689093
        ],
        "0.2": [
            0.6439246263807668,
            0.2767857142857143,
            0.6878478664192951,
            0.5603168543615193,
            0.6074620892070974
        ],
        "0.3": [
            0.6727053140096618,
            0.45965672830222065,
            0.3849170775437024,
            0.6112291780516931,
            0.6268142556802351
        ],
        "0.4": [
            0.6139747349424769,
            0.5088383174786707,
            0.437847866419295,
            0.545858493790589,
            0.6089355864563197
        ],
        "0.5": [
            0.6553737607201509,
            0.6086701324836492,
            0.6878478664192951,
            0.6057746894656766,
            0.6396979503775619
        ]
    },
    "256-128-64-32-16": {
        "0.0": [
            0.624741081703107,
            0.5788430326918618,
            0.6249507194953676,
            0.46507287593316743,
            0.6158166530576215
        ],
        "0.1": [
            0.6420545928191188,
            0.40353866689386836,
            0.6878478664192951,
            0.5354206198608475,
            0.5998602879870203
        ],
        "0.2": [
            0.4234592445328032,
            0.2767857142857143,
            0.0,
            0.6099643023436288,
            0.6291073653833541
        ],
        "0.3": [
            0.6280437539632213,
            0.6518337274378943,
            0.6515292141783788,
            0.6291456419545435,
            0.5820216049382716
        ],
        "0.4": [
            0.5475244715562491,
            0.6878286590709903,
            0.5811512415349888,
            0.5423721106479726,
            0.6002863688430699
        ],
        "0.5": [
            0.5939172749391728,
            0.0,
            0.5912540056835358,
            0.5290019098818702,
            0.6374246128769356
        ]
    },
    "512-256-128-64": {
        "0.0": [
            0.6405888138066685,
            0.6116399659469081,
            0.5970609318996416,
            0.574206600839448,
            0.6131632653061225
        ],
        "0.1": [
            0.622934595524957,
            0.39449712337523973,
            0.626555023923445,
            0.5446194225721784,
            0.6318938270012255
        ],
        "0.2": [
            0.6464713216957606,
            0.563085739614995,
            0.6193235432885115,
            0.6075258075258075,
            0.6024838786720803
        ],
        "0.3": [
            0.6201892093934472,
            0.5395328273524427,
            0.6099775784753363,
            0.5415617901651422,
            0.6362432017849672
        ],
        "0.4": [
            0.6572421326639706,
            0.5850490196078432,
            0.6579943235572374,
            0.6315268445773743,
            0.5954057891555256
        ],
        "0.5": [
            0.6516288020107213,
            0.5533690813435855,
            0.6276883820236421,
            0.5885524253212031,
            0.6222633713753055
        ]
    },
    "512-256-128-64-32": {
        "0.0": [
            0.635968660968661,
            0.5303910181958962,
            0.5625797668680337,
            0.6120799744592545,
            0.656995144758137
        ],
        "0.1": [
            0.6398512078160714,
            0.4110429447852761,
            0.6053737176355642,
            0.6027185431895843,
            0.6192746342000073
        ],
        "0.2": [
            0.6299436739143601,
            0.577525376843191,
            0.0,
            0.5462977252384332,
            0.595959595959596
        ],
        "0.3": [
            0.6498533907293031,
            0.0,
            0.5960455275062017,
            0.6073002861340964,
            0.618416581719334
        ],
        "0.4": [
            0.6795209146175483,
            0.2767857142857143,
            0.6878478664192951,
            0.608747218488439,
            0.6563319396215719
        ],
        "0.5": [
            0.6813008130081301,
            0.5974534908396407,
            0.5993520369476804,
            0.605512360446571,
            0.6174453523290733
        ]
    },