{
    "128-64-32-16-0.3": 0.6393774172238229,
    "256-128-64-32-16-0.3": 0.6316341173559624,
    "256-128-64-32-0.0": 0.6164236262565755,
    "64-32-16-0.2": 0.6157849378839861,
    "512-256-128-64-32-16-0.4": 0.6153034424609991,
    "512-256-128-64-0.2": 0.6151078568390941,
    "128-64-32-0.1": 0.6121579907723318,
    "512-256-128-64-0.0": 0.6073319155597577,
    "128-64-32-16-0.1": 0.6024371197208025,
    "512-256-128-64-32-0.0": 0.5996029130499965,
    "512-256-128-64-0.3": 0.5926608813764104,
    "512-256-128-64-0.4": 0.5908931878206684,
    "256-128-64-32-16-0.4": 0.585848077359664,
    "256-128-64-32-16-0.1": 0.5853986726110688,
    "128-64-32-16-0.5": 0.5832734946819668,
    "256-128-64-32-16-0.0": 0.581884872576225,
    "128-64-32-0.5": 0.5751439704770421,
    "512-256-128-64-32-0.1": 0.5706351008211419,
    "512-256-128-64-32-0.4": 0.5649884520097739,
    "64-32-16-0.5": 0.5641588331839561,
    "512-256-128-64-32-16-0.3": 0.5625856676677855,
    "256-128-64-32-0.2": 0.5624072504060702,
    "64-32-16-0.1": 0.5555493831251519,
    "128-64-32-0.2": 0.552667696793032,
    "128-64-32-0.4": 0.5519211292506657,
    "64-32-16-0.0": 0.5466615995638606,
    "512-256-128-64-32-16-0.0": 0.546248816932094,
    "512-256-128-64-0.1": 0.546067683806958,
    "256-128-64-32-0.1": 0.5382479982004259,
    "128-64-32-16-0.2": 0.5317245407163811,
    "64-32-16-0.4": 0.5271599334784922,
    "512-256-128-64-32-16-0.2": 0.5134334916672728,
    "512-256-128-64-0.5": 0.5105260663059127,
    "256-128-64-32-0.4": 0.4948194418908648,
    "256-128-64-32-16-0.5": 0.48316708412782977,
    "512-256-128-64-32-0.3": 0.4663530270266344,
    "512-256-128-64-32-0.5": 0.456272165114257,
    "256-128-64-32-0.3": 0.4532572790859188,
    "128-64-32-16-0.4": 0.4482283667553986,
    "128-64-32-0.3": 0.4270314764329034,
    "64-32-16-0.3": 0.4237631360022597,
    "128-64-32-16-0.0": 0.4234922160049736,
    "512-256-128-64-32-16-0.5": 0.415127471636976,
    "512-256-128-64-32-0.2": 0.40430794184491087,
    "512-256-128-64-32-16-0.1": 0.39850662739623205,
    "256-128-64-32-0.5": 0.3882409536683312,
    "256-128-64-32-16-0.2": 0.38402108672264057,
    "128-64-32-0.0": 0.3679962895714258
}