{
    "128-64-32-16-0.3": 0.6544835789844454,
    "256-128-64-32-0.5": 0.6394728798932667,
    "256-128-64-32-16-0.3": 0.628514788494462,
    "512-256-128-64-32-16-0.4": 0.6259177874117601,
    "512-256-128-64-0.4": 0.6254436219123901,
    "512-256-128-64-32-16-0.3": 0.621767370783767,
    "512-256-128-64-32-0.5": 0.6202128107142191,
    "256-128-64-32-0.0": 0.6164236262565755,
    "512-256-128-64-0.5": 0.6087004124148915,
    "128-64-32-0.1": 0.6080182269682319,
    "512-256-128-64-0.2": 0.607778058159431,
    "512-256-128-64-0.0": 0.6073319155597577,
    "512-256-128-64-32-0.0": 0.5996029130499965,
    "256-128-64-32-16-0.4": 0.5918325703306542,
    "512-256-128-64-0.3": 0.589500921434267,
    "128-64-32-0.5": 0.5876946900389358,
    "128-64-32-16-0.1": 0.5836466520386976,
    "256-128-64-32-16-0.0": 0.581884872576225,
    "512-256-128-64-32-0.4": 0.5818467306865137,
    "128-64-32-0.4": 0.5808475347820952,
    "512-256-128-64-32-0.1": 0.5756522095253006,
    "256-128-64-32-16-0.1": 0.57374440679603,
    "128-64-32-16-0.5": 0.5695029449959473,
    "512-256-128-64-0.1": 0.5640999984794092,
    "64-32-16-0.5": 0.5592439300665982,
    "128-64-32-0.2": 0.555999675407439,
    "256-128-64-32-0.2": 0.5552674301308785,
    "64-32-16-0.1": 0.5522036916921643,
    "256-128-64-32-0.3": 0.5510645107175026,
    "512-256-128-64-32-16-0.2": 0.5485631167377969,
    "64-32-16-0.0": 0.5466615995638606,
    "512-256-128-64-32-16-0.0": 0.546248816932094,
    "256-128-64-32-0.4": 0.5430909998174703,
    "64-32-16-0.4": 0.5377111957944712,
    "256-128-64-32-0.1": 0.5284226900066518,
    "128-64-32-16-0.2": 0.5228055049236427,
    "64-32-16-0.2": 0.5086793182557556,
    "512-256-128-64-32-0.3": 0.494323157217787,
    "128-64-32-0.3": 0.4785757761990615,
    "256-128-64-32-16-0.5": 0.47031956067630293,
    "512-256-128-64-32-0.2": 0.4699452743911161,
    "128-64-32-16-0.4": 0.4607137513305638,
    "512-256-128-64-32-16-0.5": 0.43639775521310237,
    "64-32-16-0.3": 0.43013859757667217,
    "512-256-128-64-32-16-0.1": 0.4298713475598543,
    "128-64-32-16-0.0": 0.4234922160049736,
    "256-128-64-32-16-0.2": 0.38786332530910006,
    "128-64-32-0.0": 0.3679962895714258
}