,phi,f1
0,0.4,0.5068629455462415
1,0.6,0.507128224424098
2,0.65,0.507128224424098
