{
    "128-64-32": {
        "0.0": [
            0.23380263580842175,
            0.23432112466953803,
            0.2269063376301982,
            0.28728072200654686,
            0.28175115801915257
        ],
        "0.1": [
            0.21936481748814188,
            0.209849393575903,
            0.2587329337329337,
            0.21918827029324267,
            0.28064471561383025
        ],
        "0.2": [
            0.23696583627194479,
            0.2468566715542522,
            0.2591858845379972,
            0.2788482659599842,
            0.30804900513330846
        ],
        "0.3": [
            0.26750428434291595,
            0.1488511888859204,
            0.16893311221669433,
            0.3040713005813312,
            0.2066609209554297
        ],
        "0.4": [
            0.22704927626702037,
            0.20081168831168833,
            0.1821729957805907,
            0.18319975474094513,
            0.22039473684210525
        ],
        "0.5": [
            0.17662621359223302,
            0.1922231107556977,
            0.13842482100238662,
            0.14677249184730481,
            0.29280054217495566
        ]
    },
    "128-64-32-16": {
        "0.0": [
            0.21187167299461884,
            0.21940520225831844,
            0.27674497335806175,
            0.13350125944584382,
            0.19594157884342628
        ],
        "0.1": [
            0.1923004977301318,
            0.23751402918069586,
            0.13842482100238662,
            0.13636363636363635,
            0.3201561425163097
        ],
        "0.2": [
            0.14547677261613692,
            0.22895512702597748,
            0.28278052383852154,
            0.17754029288603534,
            0.3080871569243662
        ],
        "0.3": [
            0.14547677261613692,
            0.13909774436090225,
            0.18462692046449342,
            0.13647642679900746,
            0.2611604489650371
        ],
        "0.4": [
            0.15406197654941373,
            0.13909774436090225,
            0.13842482100238662,
            0.1371571072319202,
            0.15096618357487923
        ],
        "0.5": [
            0.16259367872271097,
            0.13909774436090225,
            0.18046173017642816,
            0.13647642679900746,
            0.15096618357487923
        ]
    },
    "256-128-64-32": {
        "0.0": [
            0.17561032318065567,
            0.20411280846063456,
            0.24222532588454376,
            0.2913572994987469,
            0.231019481019481
        ],
        "0.1": [
            0.25346402740768936,
            0.21800533244459258,
            0.23298586908307456,
            0.2896539548022599,
            0.2615096857283216
        ],
        "0.2": [
            0.2148132427843803,
            0.22747747747747749,
            0.28612816967757815,
            0.2961559972419382,
            0.23802283906395502
        ],
        "0.3": [
            0.1817733383474851,
            0.23015063993657264,
            0.25015173916426736,
            0.1614119410882794,
            0.3083465189873418
        ],
        "0.4": [
            0.14547677261613692,
            0.2460247193398732,
            0.13842482100238662,
            0.25564481691043023,
            0.2842954042081949
        ],
        "0.5": [
            0.14547677261613692,
            0.13909774436090225,
            0.16912366912366913,
            0.21567433081674675,
            0.1727035984848485
        ]
    },
    "256-128-128-64-32": {
        "0.0": [
            0.2838177800441951,
            0.16191557574138393,
            0.15675064751589357,
            0.26248290948865194,
            0.26612478400528683
        ],
        "0.1": [
            0.25552973232889886,
            0.19089112468559108,
            0.20130389835595425,
            0.16823839461484727,
            0.31054321648381056
        ],
        "0.2": [
            0.26097424932602026,
            0.14030612244897958,
            0.1571440557093716,
            0.259629172641478,
            0.15096618357487923
        ],
        "0.3": [
            0.14547677261613692,
            0.13909774436090225,
            0.13842482100238662,
            0.25416327109095416,
            0.15318627450980393
        ],
        "0.4": [
            0.17674790962462195,
            0.14086294416243655,
            0.13842482100238662,
            0.13647642679900746,
            0.2858719646799117
        ],
        "0.5": [
            0.14547677261613692,
            0.13909774436090225,
            0.1375598086124402,
            0.21415314141294478,
            0.15096618357487923
        ]
    },
    "256-128-128-64-64-32": {
        "0.0": [
            0.14547677261613692,
            0.13909774436090225,
            0.2473604826546003,
            0.3218390804597701,
            0.2850700018421537
        ],
        "0.1": [
            0.14547677261613692,
            0.13909774436090225,
            0.13842482100238662,
            0.27996628084168207,
            0.15096618357487923
        ],
        "0.2": [
            0.14547677261613692,
            0.13909774436090225,
            0.13842482100238662,
            0.13647642679900746,
            0.19707433450527373
        ],
        "0.3": [
            0.14547677261613692,
            0.13909774436090225,
            0.13842482100238662,
            0.13647642679900746,
            0.15096618357487923
        ],
        "0.4": [
            0.14547677261613692,
            0.13909774436090225,
            0.13842482100238662,
            0.13647642679900746,
            0.15096618357487923
        ],
        "0.5": [
            0.14547677261613692,
            0.17752458623171025,
            0.13842482100238662,
            0.13647642679900746,
            0.15096618357487923
        ]
    },
    "256-128-128-64-64-32-32-16": {
        "0.0": [
            0.14547677261613692,
            0.13909774436090225,
            0.13842482100238662,
            0.19752673796791445,
            0.15096618357487923
        ],
        "0.1": [
            0.14547677261613692,
            0.13909774436090225,
            0.13842482100238662,
            0.1440199645489318,
            0.15096618357487923
        ],
        "0.2": [
            0.14619164619164618,
            0.13909774436090225,
            0.13842482100238662,
            0.15024456302045436,
            0.2751118680291191
        ],
        "0.3": [
            0.19882506527415145,
            0.201955013664074,
            0.13842482100238662,
            0.24404080551139376,
            0.15096618357487923
        ],
        "0.4": [
            0.14547677261613692,
            0.13909774436090225,
            0.13842482100238662,
            0.13647642679900746,
            0.15096618357487923
        ],
        "0.5": [
            0.14547677261613692,
            0.13909774436090225,
            0.13842482100238662,
            0.13647642679900746,
            0.15096618357487923
        ]
    },
    "512-256-128-128-64-64-32-32-16": {
        "0.0": [
            0.14547677261613692,
            0.13909774436090225,
            0.13842482100238662,
            0.13647642679900746,
            0.15096618357487923
        ],
        "0.1": [
            0.28835195078517084,
            0.20685714285714285,
            0.13842482100238662,
            0.13647642679900746,
            0.15096618357487923
        ],
        "0.2": [
            0.14547677261613692,
            0.13909774436090225,
            0.13842482100238662,
            0.13647642679900746,
            0.15096618357487923
        ],
        "0.3": [
            0.14547677261613692,
            0.13909774436090225,
            0.15379188712522046,
            0.22507042253521126,
            0.15096618357487923
        ],