{
    "128-64-32-0.2": 0.26598113269149737,
    "128-64-32-0.0": 0.2528123956267715,
    "256-128-64-32-0.2": 0.2525195452490658,
    "256-128-64-32-0.1": 0.25112377389318763,
    "128-64-32-0.1": 0.23755602614081034,
    "256-128-64-32-0.0": 0.2288650476088124,
    "128-64-32-16-0.2": 0.22856797465820752,
    "256-128-128-64-64-32-0.0": 0.22776881638671265,
    "256-128-64-32-0.3": 0.22636683550478925,
    "256-128-128-64-32-0.0": 0.22621833935908228,
    "256-128-128-64-32-0.1": 0.22530127329382038,
    "128-64-32-0.3": 0.21920416139645832,
    "256-128-64-32-0.4": 0.21397330681540438,
    "128-64-32-16-0.0": 0.2074929373800538,
    "128-64-32-16-0.1": 0.20495182535863207,
    "128-64-32-0.4": 0.20272569038847,
    "256-128-128-64-32-0.2": 0.19380395674014575,
    "128-64-32-0.5": 0.18936943587451555,
    "256-128-128-64-64-32-32-16-0.3": 0.186842377805377,
    "512-256-128-128-64-64-32-32-16-0.1": 0.1842153050037174,
    "256-128-128-64-32-0.4": 0.17567681325367285,
    "128-64-32-16-0.3": 0.17336766264111542,
    "256-128-128-64-64-32-0.1": 0.17078636047919743,
    "256-128-128-64-64-32-32-16-0.2": 0.1698141285209017,
    "256-128-64-32-0.5": 0.16841522308046072,
    "256-128-128-64-32-0.3": 0.1660697767160368,
    "512-256-128-128-64-64-32-32-16-0.3": 0.16288060204247,
    "256-128-128-64-32-0.5": 0.15745073011546068,
    "256-128-128-64-64-32-32-16-0.0": 0.15429845190444388,
    "128-64-32-16-0.5": 0.15391915272678564,
    "256-128-128-64-64-32-0.2": 0.15131001985674136,
    "256-128-128-64-64-32-0.5": 0.1497737580448241,
    "128-64-32-16-0.4": 0.1439415665439004,
    "256-128-128-64-64-32-32-16-0.1": 0.14359709722064737,
    "512-256-128-128-64-64-32-32-16-0.4": 0.14222452575724503,
    "256-128-128-64-64-32-0.3": 0.14208838967066248,
    "256-128-128-64-64-32-0.4": 0.14208838967066248,
    "256-128-128-64-64-32-32-16-0.4": 0.14208838967066248,
    "256-128-128-64-64-32-32-16-0.5": 0.14208838967066248,
    "512-256-128-128-64-64-32-32-16-0.0": 0.14208838967066248,
    "512-256-128-128-64-64-32-32-16-0.2": 0.14208838967066248,
    "512-256-128-128-64-64-32-32-16-0.5": 0.14208838967066248
}