{
    "64-32-16": {
        "0.0": [
            0.4226792009400705,
            0.6285522668335867,
            0.6149543715042685,
            0.5916627003014437,
            0.595827383785499
        ],
        "0.1": [
            0.6451197311300938,
            0.5557701202590194,
            0.6027536088590073,
            0.6319060579702012,
            0.6117481496924841
        ],
        "0.2": [
            0.5640841087861806,
            0.6079570204733555,
            0.5999623139250048,
            0.025703794369645042,
            0.6134523809523809
        ],
        "0.3": [
            0.6208123377614903,
            0.6424909676789377,
            0.6485380116959065,
            0.6029684601113172,
            0.6928356455993541
        ],
        "0.4": [
            0.5356177218578504,
            0.588912266470633,
            0.3735763097949886,
            0.3226125893395333,
            0.34704956726986624
        ],
        "0.5": [
            0.6392283786612563,
            0.44906191858948724,
            0.5893594653450477,
            0.32162230671736375,
            0.5373317013463892
        ]
    },
    "128-64-32": {
        "0.0": [
            0.562826420890937,
            0.6345158715856138,
            0.4601889338731444,
            0.5476902143605986,
            0.6449393112998262
        ],
        "0.1": [
            0.5841657150291273,
            0.6282232058560271,
            0.6372374460982055,
            0.3919382987108034,
            0.5751648351648352
        ],
        "0.2": [
            0.6055367433018475,
            0.6057421105848544,
            0.634985634985635,
            0.49748697162709904,
            0.578100929861356
        ],
        "0.3": [
            0.588354626403407,
            0.6739325390288988,
            0.6455535749653396,
            0.5755080213903743,
            0.5869594921928375
        ],
        "0.4": [
            0.6248972706431939,
            0.33153743477733283,
            0.5651795263559969,
            0.574131054131054,
            0.6188613160444146
        ],
        "0.5": [
            0.39937080653693036,
            0.6699505300353357,
            0.6659382640586797,
            0.0,
            0.559205385174319
        ]
    },
    "128-64-32-16": {
        "0.0": [
            0.6703890618848205,
            0.6318400781406086,
            0.4585434981025124,
            0.5806101441137937,
            0.5476076555023923
        ],
        "0.1": [
            0.5227212855637513,
            0.5855945757521906,
            0.595399612855972,
            0.6043367124640544,
            0.6063462000962001
        ],
        "0.2": [
            0.5766633539739572,
            0.6723321259403734,
            0.400587915078933,
            0.6206786850477201,
            0.43279769875514557
        ],
        "0.3": [
            0.6007905138339921,
            0.7069898965503361,
            0.6793491864831038,
            0.6766998464178078,
            0.6066443074691805
        ],
        "0.4": [
            0.07373271889400922,
            0.6603104076028263,
            0.5878085878085878,
            0.6831129889600654,
            0.3626148916434775
        ],
        "0.5": [
            0.4117647058823529,
            0.7048155449169249,
            0.0,
            0.0,
            0.2484472049689441
        ]
    },
    "256-128-64-32": {
        "0.0": [
            0.44546178343949044,
            0.5971143596771737,
            0.6294516212224228,
            0.4710344559987584,
            0.6150633811159816
        ],
        "0.1": [
            0.6158492182480189,
            0.6,
            0.6048101265822785,
            0.6440471353108492,
            0.6529545151393892
        ],
        "0.2": [
            0.5875454401770192,
            0.5875839677563816,
            0.628236170609052,
            0.6086478603456533,
            0.5837301587301587
        ],
        "0.3": [
            0.6592147188816939,
            0.5489326481197806,
            0.608130081300813,
            0.6206179441473558,
            0.5283568075117371
        ],
        "0.4": [
            0.5992661075104841,
            0.6744283105816886,
            0.6185668554543216,
            0.12195121951219512,
            0.6451937907358575
        ],
        "0.5": [
            0.0,
            0.69717868338558,
            0.676964223907366,
            0.6498146730893322,
            0.5784618404265759
        ]
    }
}