{
    "64-32-16": {
        "0.0": [
            0.4226792009400705,
            0.6285522668335867,
            0.6149543715042685,
            0.5916627003014437,
            0.595827383785499
        ],
        "0.1": [
            0.6765911542610572,
            0.5158667715709415,
            0.6238569801974387,
            0.5956574595007209,
            0.6233386565011333
        ],
        "0.2": [
            0.6212097317601182,
            0.5497279131571917,
            0.39145223306713994,
            0.6043348053398305,
            0.6252797545703724
        ],
        "0.3": [
            0.531861966761935,
            0.6767986348122867,
            0.6696337589162621,
            0.6106022412459131,
            0.6603443637341943
        ],
        "0.4": [
            0.5397299236406499,
            0.5277606924796352,
            0.5938419432090318,
            0.24765027322404373,
            0.2669491525423729
        ],
        "0.5": [
            0.6659124302086394,
            0.5760024628646194,
            0.5921960333429146,
            0.12779022487760353,
            0.42105263157894735
        ]
    },
    "128-64-32": {
        "0.0": [
            0.562826420890937,
            0.6345158715856138,
            0.4601889338731444,
            0.5476902143605986,
            0.6449393112998262
        ],
        "0.1": [
            0.5244453044375645,
            0.5607665960310797,
            0.6661828737300435,
            0.6283868586194168,
            0.5003046416306636
        ],
        "0.2": [
            0.6362573099415205,
            0.5799392097264437,
            0.6195196647324307,
            0.6159156174066711,
            0.5862797649726832
        ],
        "0.3": [
            0.587687166634535,
            0.6442767459259018,
            0.6253972457627119,
            0.27793657275078265,
            0.6114403539436312
        ],
        "0.4": [
            0.6341069330199764,
            0.6531968645228313,
            0.6166914389698426,
            0.6185376027481291,
            0.584604627510806
        ],
        "0.5": [
            0.3484895671130489,
            0.6484781634552411,
            0.6398897058823529,
            0.44999669399629727,
            0.5907663896583564
        ]
    },
    "128-64-32-16": {
        "0.0": [
            0.6703890618848205,
            0.6318400781406086,
            0.4585434981025124,
            0.5806101441137937,
            0.5476076555023923
        ],
        "0.1": [
            0.5864454763133178,
            0.5279970240020703,
            0.5041492265696088,
            0.5538578277515263,
            0.6030027932960894
        ],
        "0.2": [
            0.4396378269617706,
            0.6481532907525688,
            0.43426155240108727,
            0.5162026736829887,
            0.4498564593301435
        ],
        "0.3": [
            0.5936927525699838,
            0.7026688907422853,
            0.6855465978716543,
            0.4219468474787624,
            0.551939513477975
        ],
        "0.4": [
            0.5508916920400174,
            0.6427389227786446,
            0.5701555128429145,
            0.601679261125105,
            0.6597308488612836
        ],
        "0.5": [
            0.33866666666666667,
            0.5541646910067963,
            0.5758273469638362,
            0.3958288896788719,
            0.6372023809523809
        ]
    },
    "256-128-64-32": {
        "0.0": [
            0.44546178343949044,
            0.5971143596771737,
            0.6294516212224228,
            0.4710344559987584,
            0.6150633811159816
        ],
        "0.1": [
            0.6469136946474696,
            0.6460813492063493,
            0.6240490278951818,
            0.6578994775716087,
            0.655384844868735
        ],
        "0.2": [
            0.6330007166877998,
            0.6266186915537565,
            0.5976993812600417,
            0.5838352047517068,
            0.5300849021779255
        ],
        "0.3": [
            0.6648082637611434,
            0.6421660252886201,
            0.6197399282560707,
            0.5916453537936914,
            0.5774760825084333
        ],
        "0.4": [
            0.5878798195591114,
            0.607044566248063,
            0.7320722755505364,
            0.37619923371647507,
            0.6552418650678153
        ],
        "0.5": [
            0.6538126431959728,
            0.6205003050640634,
            0.6161059907834101,
            0.5978906714200831,
            0.6317517932762942
        ]
    },
    "256-128-64-32-16": {
        "0.0": [
            0.6452569169960474,
            0.0796812749003984,
            0.6205689687441511,
            0.6974560419004863,
            0.07659574468085106
        ],
        "0.1": [
            0.6233431516936672,
            0.7239916920253103,
            0.43761996161228406,
            0.3508574430560246,
            0.6087135070559248
        ],
        "0.2": [
            0.5542857142857143,
            0.5236045343664801,
            0.6055492042753189,
            0.2670631549136222,
            0.42105263157894735
        ],
        "0.3": [
            0.5676401257202723,
            0.0,
            0.5928076207654585,
            0.5217505241090147,
            0.27421197793538216
        ],
        "0.4": [
            0.11983471074380166,
            0.683901325314623,
            0.6840656796200003,
            0.6525167379204646,
            0.5548733300749429
        ],
        "0.5": [
            0.5787704769388866,
            0.5944252020451921,
            0.5129985620222508,
            0.6204162643493187,
            0.5716475928340335
        ]
    },
    "512-256-128-64": {
        "0.0": [
            0.6097644441909542,
            0.6049120001881092,
            0.6329923924382362,
            0.44164995872154733,
            0.3703146447048886
        ],
        "0.1": [
            0.5915451895043732,
            0.6678611476768563,
            0.6569489559164733,
            0.02727272727272727,
            0.6585365853658536
        ],
        "0.2": [
            0.35174681948875497,
            0.5317460317460317,
            0.5917233690846885,
            0.5721041296001499,
            0.5512265512265513
        ],
        "0.3": [
            0.6082956259426848,
            0.7009380839191062,
            0.662250403248234,
            0.6053344977530339,
            0.5454144620811288
        ],
        "0.4": [
            0.5644335339457291,
            0.5778978661224901,
            0.6115939290887336,
            0.5315329512893983,
            0.37334280303030304
        ],
        "0.5": [
            0.6071912395574621,
            0.6882324433870826,
            0.628028083879667,
            0.5999897844519358,
            0.40117391304347827
        ]
    },
    "512-256-128-64-32": {
        "0.0": [
            0.48061679464949214,
            0.6372076485461441,
            0.6200885878061491,
            0.41525090377807333,
            0.5922867244217742
        ],
        "0.1": [
            0.5242422865451901,
            0.3649908239157732,
            0.6045513258870907,
            0.27520985585501717,
            0.564498001998002
        ],
        "0.2": [
            0.5692022263450836,
            0.6206521739130435,
            0.44810398539048235,
            0.46284430081164907,
            0.5242997875217308
        ],
        "0.3": [
            0.5756857216098437,
            0.5892513879367127,
            0.6774293531700226,
            0.5224275880564992,
            0.43705569192514904
        ],
        "0.4": [
            0.20449976805319314,
            0.641082578128841,
            0.6758644757188671,
            0.4285230352303523,
            0.5817885817885817
        ],