{
    "256-128-64-32-0.1": 0.6460656788378689,
    "64-32-16-0.3": 0.6298481930941182,
    "512-256-128-64-32-16-0.5": 0.6273084618849886,
    "512-256-128-64-0.3": 0.6244466145888377,
    "256-128-64-32-0.5": 0.6240122807479647,
    "128-64-32-0.4": 0.6214274933543171,
    "256-128-64-32-0.3": 0.6191671307215918,
    "128-64-32-0.2": 0.6075823133559498,
    "64-32-16-0.1": 0.6070622044062584,
    "128-64-32-16-0.4": 0.605039247529593,
    "512-256-128-64-32-0.5": 0.5946772358815386,
    "256-128-64-32-0.2": 0.5942477792862461,
    "256-128-64-32-0.4": 0.5916875520284003,
    "128-64-32-16-0.3": 0.5911589204281322,
    "512-256-128-64-0.5": 0.5849230928639251,
    "512-256-128-64-32-16-0.0": 0.5786792646144625,
    "128-64-32-16-0.0": 0.5777980875488256,
    "128-64-32-0.1": 0.5760172548897536,
    "256-128-64-32-16-0.5": 0.5756516196379363,
    "512-256-128-64-32-16-0.2": 0.5711053973263361,
    "64-32-16-0.0": 0.5707351846729736,
    "128-64-32-0.0": 0.570032150402024,
    "512-256-128-64-32-0.3": 0.5603699485396454,
    "64-32-16-0.2": 0.5584008875789305,
    "128-64-32-16-0.1": 0.5550904695865225,
    "512-256-128-64-32-16-0.3": 0.5537464932473644,
    "256-128-64-32-0.0": 0.5516251202907654,
    "128-64-32-0.3": 0.5493476170035125,
    "512-256-128-64-32-0.0": 0.5490901318403265,
    "256-128-64-32-16-0.1": 0.5489051510886421,
    "256-128-64-32-16-0.4": 0.5390383567347665,
    "128-64-32-0.5": 0.5355241040210593,
    "512-256-128-64-0.0": 0.5319266880487471,
    "512-256-128-64-0.4": 0.5317602166953308,
    "512-256-128-64-32-0.2": 0.5250204947963978,
    "512-256-128-64-0.1": 0.5204329211472567,
    "512-256-128-64-0.2": 0.5197093802292352,
    "512-256-128-64-32-0.4": 0.506351687783967,
    "128-64-32-16-0.5": 0.5003379950537103,
    "128-64-32-16-0.2": 0.49762236062571186,
    "64-32-16-0.5": 0.4765907565745449,
    "256-128-64-32-16-0.2": 0.47431104788401657,
    "512-256-128-64-32-0.1": 0.4666984588402146,
    "512-256-128-64-32-16-0.1": 0.4581452333931809,
    "64-32-16-0.4": 0.43518639701914674,
    "256-128-64-32-16-0.0": 0.4239117894443868,
    "512-256-128-64-32-16-0.4": 0.4162309366900948,
    "256-128-64-32-16-0.3": 0.39128204970602554
}