{
    "128-64-32-16-0.3": 0.654094750150884,
    "64-32-16-0.3": 0.6415290845694012,
    "256-128-64-32-0.1": 0.6235321990561071,
    "128-64-32-0.3": 0.6140616507961714,
    "64-32-16-0.1": 0.6094595335821611,
    "256-128-64-32-0.2": 0.599148719523653,
    "256-128-64-32-0.3": 0.593050439992276,
    "128-64-32-0.2": 0.5843704780721584,
    "128-64-32-16-0.1": 0.5828796773464336,
    "128-64-32-16-0.0": 0.5777980875488256,
    "64-32-16-0.0": 0.5707351846729736,
    "128-64-32-0.0": 0.570032150402024,
    "128-64-32-0.1": 0.5633459001717996,
    "256-128-64-32-0.0": 0.5516251202907654,
    "128-64-32-0.4": 0.5429213203903984,
    "128-64-32-16-0.2": 0.5406119557592259,
    "256-128-64-32-0.4": 0.5318812567589094,
    "256-128-64-32-0.5": 0.5204838841617708,
    "64-32-16-0.5": 0.5073207541319088,
    "64-32-16-0.2": 0.4822319237013133,
    "128-64-32-16-0.4": 0.47351591898179324,
    "128-64-32-0.5": 0.4588929971610529,
    "64-32-16-0.4": 0.4335536909465743,
    "128-64-32-16-0.5": 0.27300549115364436
}