,phi,f1
0,0.3,0.517052729600745
1,0.6,0.4924166387866622
2,0.9,0.4924166387866622
