,phi,f1
0,0.4,0.5540876425136435
1,0.5,0.5772907153729072
2,0.6,0.5772907153729072
