{
    "64-32-16": {
        "0.0": [
            0.5900410494378012,
            0.4706040992448759,
            0.5151345755693582,
            0.4634476979197476,
            0.48510101010101014
        ],
        "0.1": [
            0.5831570312162687,
            0.4170731707317073,
            0.5580569587817557,
            0.4200913242009132,
            0.4467849223946785
        ],
        "0.2": [
            0.4421768707482993,
            0.4176904176904177,
            0.44467640918580376,
            0.46093514328808444,
            0.47141746566467996
        ],
        "0.3": [
            0.4416475972540046,
            0.433441148228635,
            0.44025157232704404,
            0.42417582417582417,
            0.5709750566893425
        ],
        "0.4": [
            0.4396355353075171,
            0.4673446796734468,
            0.44516129032258067,
            0.4380252642433617,
            0.43595505617977526
        ],
        "0.5": [
            0.4431818181818182,
            0.42758620689655175,
            0.5075949367088608,
            0.533193899782135,
            0.4246575342465753
        ]
    },
    "128-64-32": {
        "0.0": [
            0.571952400719524,
            0.45020494348528134,
            0.5428274428274429,
            0.566198103955541,
            0.46325581395348836
        ],
        "0.1": [
            0.4980465479712005,
            0.4685030429648469,
            0.5866340198761343,
            0.43961475743986955,
            0.4349775784753363
        ],
        "0.2": [
            0.525471602945627,
            0.4170731707317073,
            0.5923868312757201,
            0.42950108459869846,
            0.5036731634182909
        ],
        "0.3": [
            0.44036697247706424,
            0.4172661870503597,
            0.46317201579426953,
            0.5492569771656397,
            0.4349775784753363
        ],
        "0.4": [
            0.44495412844036697,
            0.4232558139534884,
            0.43776824034334766,
            0.4381762981031217,
            0.46281345104253124
        ],
        "0.5": [
            0.4452054794520548,
            0.4166666666666667,
            0.4385593220338983,
            0.4353448275862069,
            0.42954545454545456
        ]
    },
    "128-64-32-16": {
        "0.0": [
            0.4413793103448276,
            0.6365549619556419,
            0.5742115027829313,
            0.4533764725402356,
            0.58663015768105
        ],
        "0.1": [
            0.42073170731707316,
            0.4188325082508251,
            0.6007308754263441,
            0.5689094221759501,
            0.5592379958246347
        ],
        "0.2": [
            0.6091400662829234,
            0.5601758241758241,
            0.44142259414225943,
            0.566697032795419,
            0.43847874720357943
        ],
        "0.3": [
            0.4382284382284382,
            0.4110429447852761,
            0.437847866419295,
            0.4353448275862069,
            0.43991416309012876
        ],
        "0.4": [
            0.4234592445328032,
            0.42298850574712643,
            0.4394250513347023,
            0.4198019801980198,
            0.5963449437815906
        ],
        "0.5": [
            0.5625707387006715,
            0.4110429447852761,
            0.437847866419295,
            0.4198019801980198,
            0.4340909090909091
        ]
    },
    "256-128-64-32": {
        "0.0": [
            0.5724034030485643,
            0.4250559284116331,
            0.4416826003824092,
            0.4198019801980198,
            0.4292237442922374
        ],
        "0.1": [
            0.43488372093023253,
            0.4288990825688073,
            0.4427645788336933,
            0.4198019801980198,
            0.43018018018018017
        ],
        "0.2": [
            0.4234592445328032,
            0.46665411882803187,
            0.4363256784968685,
            0.4198019801980198,
            0.42592592592592593
        ],
        "0.3": [
            0.4409090909090909,
            0.4110429447852761,
            0.437847866419295,
            0.4097222222222222,
            0.43340857787810383
        ],
        "0.4": [
            0.43908045977011495,
            0.4110429447852761,
            0.437847866419295,
            0.5223660827621224,
            0.4212962962962963
        ],
        "0.5": [
            0.43617021276595747,
            0.4144329896907217,
            0.437847866419295,
            0.5783530008882122,
            0.6453546453546453
        ]
    },
    "256-128-64-32-16": {
        "0.0": [
            0.4409090909090909,
            0.42105263157894735,
            0.4654761904761905,
            0.5798035461324118,
            0.43383947939262474
        ],
        "0.1": [
            0.4361948955916473,
            0.4110429447852761,
            0.43776824034334766,
            0.5369032258064516,
            0.6071304347826088
        ],
        "0.2": [
            0.4234592445328032,
            0.4110429447852761,
            0.437847866419295,
            0.4340425531914894,
            0.4311023622047244
        ],
        "0.3": [
            0.4234592445328032,
            0.4110429447852761,
            0.437847866419295,
            0.5983734087694483,
            0.4125874125874126
        ],
        "0.4": [
            0.4234592445328032,
            0.550387207080358,
            0.575616580985228,
            0.6114187466650857,
            0.613642044744407
        ],
        "0.5": [
            0.4234592445328032,
            0.4110429447852761,
            0.4346895074946467,
            0.4198019801980198,
            0.43680709534368073
        ]
    },
    "512-256-128-64": {
        "0.0": [
            0.4419134396355353,
            0.42857142857142855,
            0.4360587002096436,
            0.4703869109729121,
            0.43249427917620137
        ],
        "0.1": [
            0.4295774647887324,
            0.4252336448598131,
            0.43870967741935485,
            0.43877068557919624,
            0.4318181818181818
        ],
        "0.2": [
            0.43457943925233644,
            0.4255813953488372,
            0.5762362637362637,
            0.4198019801980198,
            0.4295612009237875
        ],
        "0.3": [
            0.4234592445328032,
            0.4288939051918736,
            0.4640963855421687,
            0.4198019801980198,
            0.42657342657342656
        ],
        "0.4": [
            0.4802441639858121,
            0.4255813953488372,
            0.437847866419295,
            0.4198019801980198,
            0.4279176201372998
        ],
        "0.5": [
            0.4234592445328032,
            0.4110429447852761,
            0.437847866419295,
            0.4198019801980198,
            0.60890161558313
        ]
    },
    "512-256-128-64-32": {
        "0.0": [
            0.5602513961045279,
            0.4236111111111111,
            0.43923240938166314,
            0.4786255096097845,
            0.44395604395604393
        ],
        "0.1": [
            0.4234592445328032,
            0.4110429447852761,
            0.5809923130677848,
            0.4198019801980198,
            0.42657342657342656
        ],
        "0.2": [
            0.5224691455229022,
            0.4110429447852761,
            0.43710021321961623,
            0.4198019801980198,
            0.48904550674382474
        ],
        "0.3": [
            0.4406392694063927,
            0.4110429447852761,
            0.437847866419295,
            0.4198019801980198,
            0.4311023622047244
        ],
        "0.4": [
            0.4234592445328032,
            0.4110429447852761,
            0.564831993403422,
            0.5467861071821467,
            0.5420026328780648
        ],