{
    "64-32-16": {
        "0.0": [
            0.3588465586325827,
            0.2851851851851852,
            0.3319048408488064,
            0.30096892749749415,
            0.31938106395631816
        ],
        "0.1": [
            0.4199494093679866,
            0.2503018556176919,
            0.37201143451143454,
            0.26815714654949596,
            0.2840175150519978
        ],
        "0.2": [
            0.3101174372848008,
            0.25992414664981034,
            0.2971311475409836,
            0.3041556867100783,
            0.305138720315814
        ],
        "0.3": [
            0.31288130474176984,
            0.2676978722488281,
            0.2987704918032787,
            0.2595907928388747,
            0.3605237622773847
        ],
        "0.4": [
            0.30559268485327173,
            0.2855846042120552,
            0.3227155727155727,
            0.2879772950444328,
            0.28279569892473116
        ],
        "0.5": [
            0.3134069109690113,
            0.25165016501650167,
            0.37951481846789725,
            0.2417953667953668,
            0.2725220672461425
        ]
    },
    "128-64-32": {
        "0.0": [
            0.3984353337294514,
            0.28029689608636976,
            0.33458365164247517,
            0.3621402509161805,
            0.2964554023471221
        ],
        "0.1": [
            0.34288119288119284,
            0.2791962545252019,
            0.29038936949483496,
            0.26770708283313327,
            0.2778903956381938
        ],
        "0.2": [
            0.36475684868542013,
            0.25852980640214684,
            0.30352392147406915,
            0.25899147200593253,
            0.328647698008919
        ],
        "0.3": [
            0.31513513513513514,
            0.25128094224114983,
            0.31170612713445256,
            0.30235492564259686,
            0.2724556130294981
        ],
        "0.4": [
            0.31899486383182035,
            0.25233046324628194,
            0.2961941533370105,
            0.26683082730885727,
            0.29579397950313735
        ],
        "0.5": [
            0.32072790612394575,
            0.24509803921568626,
            0.3042262969588551,
            0.262298747763864,
            0.27974009229098806
        ]
    },
    "128-64-32-16": {
        "0.0": [
            0.31242018850714504,
            0.30099712692242686,
            0.20324382824382822,
            0.18010012515644555,
            0.3204633270527839
        ],
        "0.1": [
            0.19158444856891668,
            0.25813464582663836,
            0.31738583013230903,
            0.2563693026879626,
            0.2573099415204678
        ],
        "0.2": [
            0.2793920781163871,
            0.2598990683229814,
            0.2971311475409836,
            0.25471367354888974,
            0.29085906993255234
        ],
        "0.3": [
            0.3162455934195064,
            0.15677966101694915,
            0.1615598885793872,
            0.262298747763864,
            0.2686889016676251
        ],
        "0.4": [
            0.1643646408839779,
            0.2407968657599054,
            0.287359137677609,
            0.15625,
            0.2791277258566978
        ],
        "0.5": [
            0.25003386157388596,
            0.15677966101694915,
            0.1615598885793872,
            0.15625,
            0.28446533252476247
        ]
    },
    "256-128-64-32": {
        "0.0": [
            0.36958167230155925,
            0.2542126904781101,
            0.22064235530277684,
            0.15625,
            0.27726664436266313
        ],
        "0.1": [
            0.31158679135008766,
            0.24805958013010054,
            0.32238756212874287,
            0.15625,
            0.2794981126799944
        ],
        "0.2": [
            0.1643646408839779,
            0.20577905491698595,
            0.2883567107624809,
            0.15625,
            0.284440364566258
        ],
        "0.3": [
            0.31176217412690604,
            0.15677966101694915,
            0.1615598885793872,
            0.2493444055944056,
            0.2860215053763441
        ],
        "0.4": [
            0.312858337314859,
            0.15677966101694915,
            0.1615598885793872,
            0.16355140186915887,
            0.2761786112386073
        ],
        "0.5": [
            0.27747064206191857,
            0.17019933554817274,
            0.1615598885793872,
            0.2555687555687556,
            0.29940181518151815
        ]
    },
    "256-128-64-32-16": {
        "0.0": [
            0.3078474514118078,
            0.26089632685653447,
            0.3166335364070703,
            0.2650663206459054,
            0.265397179507609
        ],
        "0.1": [
            0.3217318999821821,
            0.15677966101694915,
            0.3087031986114555,
            0.186825144070367,
            0.28854092244185126
        ],
        "0.2": [
            0.1643646408839779,
            0.15677966101694915,
            0.1615598885793872,
            0.2572720125786163,
            0.17029972752043596
        ],
        "0.3": [
            0.1643646408839779,
            0.15677966101694915,
            0.1615598885793872,
            0.1800194931773879,
            0.2692984170412351
        ],
        "0.4": [
            0.1643646408839779,
            0.17812889812889812,
            0.23968814076581946,
            0.2041261321704126,
            0.2158385093167702
        ],
        "0.5": [
            0.1643646408839779,
            0.15677966101694915,
            0.303030303030303,
            0.15625,
            0.27756584256474215
        ]
    },
    "512-256-128-64": {
        "0.0": [
            0.3157774110744408,
            0.2532362459546926,
            0.2944147355912062,
            0.20476858345021037,
            0.2872867179658749
        ],
        "0.1": [
            0.30270618556701034,
            0.2516835016835017,
            0.3086045228902372,
            0.25426251909010533,
            0.28136875678610207
        ],
        "0.2": [
            0.3127507413221699,
            0.25031790886612504,
            0.3791146916146916,
            0.15625,
            0.2770873786407767
        ],
        "0.3": [
            0.1643646408839779,
            0.24968629911379497,
            0.34572772923745465,
            0.15625,
            0.2828859060402685
        ],
        "0.4": [
            0.32033711140259424,
            0.2433644061766171,
            0.1615598885793872,
            0.15625,
            0.2825786672057139
        ],
        "0.5": [
            0.1643646408839779,
            0.15677966101694915,
            0.1615598885793872,
            0.15625,
            0.3123601123306746
        ]
    },
    "512-256-128-64-32": {
        "0.0": [
            0.2545053680981595,
            0.2402688172043011,
            0.3100106629868908,
            0.1681769722814499,
            0.2861434542469025
        ],
        "0.1": [
            0.1643646408839779,
            0.15677966101694915,
            0.24710382513661203,
            0.15625,
            0.2828859060402685
        ],
        "0.2": [
            0.18780577299412915,
            0.15677966101694915,
            0.30214285714285716,
            0.15625,
            0.22032099747977185
        ],
        "0.3": [
            0.31279794646131276,
            0.15677966101694915,
            0.1615598885793872,
            0.15625,
            0.17029972752043596
        ],
        "0.4": [
            0.1643646408839779,
            0.15677966101694915,
            0.20371549893842886,
            0.17605311355311354,
            0.3180074294501807
        ],
        "0.5": [
            0.2742857142857143,
            0.15677966101694915,
            0.23876181224057227,
            0.15625,
            0.17029972752043596
        ]
    },