{
    "256-128-64-32-16-0.4": 0.5549047648015764,
    "128-64-32-16-0.0": 0.5384304810609373,
    "128-64-32-16-0.2": 0.5231828529200011,
    "128-64-32-0.0": 0.5188877409882555,
    "128-64-32-16-0.1": 0.5136885017989654,
    "64-32-16-0.0": 0.5048656864545585,
    "256-128-64-32-0.5": 0.5024317430237664,
    "512-256-128-64-32-0.4": 0.4976245845563426,
    "512-256-128-64-32-16-0.1": 0.4965484404556612,
    "512-256-128-64-32-16-0.2": 0.49606073006258755,
    "128-64-32-0.2": 0.4936211705940087,
    "512-256-128-64-32-16-0.5": 0.4898622278415795,
    "256-128-64-32-16-0.1": 0.48580794826186624,
    "128-64-32-0.1": 0.48555518934547753,
    "64-32-16-0.1": 0.4850326814650646,
    "512-256-128-64-32-16-0.3": 0.47091095956232926,
    "512-256-128-64-32-0.0": 0.46913529403262616,
    "256-128-64-32-16-0.0": 0.46821618769785306,
    "512-256-128-64-32-16-0.0": 0.46787381899088454,
    "64-32-16-0.5": 0.4672428791631883,
    "64-32-16-0.3": 0.46209823973497005,
    "128-64-32-0.3": 0.46100794619253394,
    "128-64-32-16-0.4": 0.4604039451188484,
    "512-256-128-64-0.5": 0.4602107303037048,
    "512-256-128-64-32-0.5": 0.45876192120419235,
    "256-128-64-32-0.0": 0.45763353126657275,
    "512-256-128-64-0.2": 0.4571520558918489,
    "256-128-64-32-16-0.3": 0.456662175418847,
    "512-256-128-64-32-0.2": 0.45589195809392785,
    "128-64-32-16-0.5": 0.4530708878388343,
    "512-256-128-64-32-0.1": 0.45237398183146205,
    "64-32-16-0.2": 0.447379261315457,
    "256-128-64-32-0.4": 0.44632673000662093,
    "64-32-16-0.4": 0.44522436514533625,
    "512-256-128-64-0.0": 0.44188495171314424,
    "128-64-32-0.4": 0.44139358637657117,
    "512-256-128-64-0.4": 0.4382786052178528,
    "256-128-64-32-0.2": 0.4344333895963299,
    "128-64-32-0.5": 0.4330643500568563,
    "512-256-128-64-0.1": 0.43282193089305565,
    "512-256-128-64-0.3": 0.4325649884076584,
    "128-64-32-16-0.3": 0.43247564802186894,
    "256-128-64-32-0.1": 0.4313059085421866,
    "512-256-128-64-32-0.3": 0.4280868846027416,
    "256-128-64-32-16-0.2": 0.4274989942267176,
    "512-256-128-64-32-16-0.4": 0.4273732183644836,
    "256-128-64-32-0.3": 0.42658614044279763,
    "256-128-64-32-16-0.5": 0.4251601544708853
}