{
    "128-64-32-0.0": 0.3343823069443198,
    "64-32-16-0.0": 0.3192573152240773,
    "64-32-16-0.1": 0.31888747221972136,
    "128-64-32-0.2": 0.30288994931529756,
    "64-32-16-0.3": 0.2998928447820272,
    "64-32-16-0.4": 0.2969331711500127,
    "64-32-16-0.2": 0.29529342770029743,
    "64-32-16-0.5": 0.2917778656989839,
    "128-64-32-0.1": 0.29161285907451134,
    "128-64-32-0.3": 0.2905865486365665,
    "128-64-32-0.4": 0.28602885744542145,
    "256-128-64-32-16-0.0": 0.28316816296578534,
    "128-64-32-0.5": 0.28241821647066784,
    "512-256-128-64-0.1": 0.27972509720339134,
    "128-64-32-16-0.2": 0.27639900749235885,
    "512-256-128-64-0.2": 0.2751041440887526,
    "512-256-128-64-0.0": 0.27109673880728496,
    "256-128-64-32-0.1": 0.2635564092577851,
    "128-64-32-16-0.0": 0.2634449191765259,
    "128-64-32-16-0.1": 0.2561568337472589,
    "256-128-64-32-0.0": 0.2555906724890219,
    "256-128-64-32-16-0.1": 0.252516165224561,
    "512-256-128-64-32-0.0": 0.2518210549635408,
    "512-256-128-64-32-16-0.2": 0.24843386755944738,
    "512-256-128-64-0.3": 0.2397829150550992,
    "512-256-128-64-32-16-0.0": 0.234546446554954,
    "128-64-32-16-0.3": 0.23311455848946636,
    "256-128-64-32-0.3": 0.23309352693879842,
    "256-128-64-32-0.5": 0.23284008738795045,
    "512-256-128-64-0.4": 0.23281801467286245,
    "512-256-128-64-32-16-0.1": 0.2311706415906693,
    "128-64-32-16-0.4": 0.22557967403563803,
    "256-128-64-32-0.2": 0.21983815422594058,
    "256-128-64-32-0.4": 0.21418558000379231,
    "256-128-64-32-16-0.5": 0.2115980894991944,
    "512-256-128-64-32-0.2": 0.20465985772674147,
    "512-256-128-64-32-0.4": 0.20378406876853003,
    "128-64-32-16-0.5": 0.201817748738997,
    "512-256-128-64-32-0.1": 0.2014768066155615,
    "256-128-64-32-16-0.4": 0.20042926425317567,
    "512-256-128-64-32-0.5": 0.19927538301273434,
    "512-256-128-64-32-0.3": 0.191537444715617,
    "512-256-128-64-32-16-0.4": 0.1906115187896911,
    "512-256-128-64-0.5": 0.19026286056219777,
    "512-256-128-64-32-16-0.3": 0.18888875690416865,
    "256-128-64-32-16-0.3": 0.18640442013978747,
    "256-128-64-32-16-0.2": 0.1820551861158733,
    "512-256-128-64-32-16-0.5": 0.17753378295754255
}